Mã sản phẩm,Tên sản phẩm,Giá,Doanh thu,Tên cửa hàng,Tỉ lệ hoa hồng,Hoa hồng,Link sản phẩm,Link ưu đãi
28138277254,Đồng hồ đeo tay Đồng hồ chống nước Đồng hồ thời trang Nam doanh nhân Dây đeo thông thường Đồng hồ chống nước Đồng hồ thông thường dành cho doanh nhân Đồng hồ đeo tay Đồng hồ đeo tay nam Đồng hồ đeo tay sang trọng,"199,1k",0,mallcenter.vn,12%,₫23.892,https://shopee.vn/product/235344630/28138277254,https://s.shopee.vn/BJ3x7Dqsx
41207562932,Đồng hồ nữ DAE5 Đồng hồ đeo tay Boutique Đồng hồ cơ sang trọng _ Đồng hồ thạch anh Đồng hồ cơ ô tô Đồng hồ cơ khí xuyên biên giới AAA Kinh doanh Bán hàng trực tiếp Đồng hồ nam Đồng hồ đeo tay bằng thép không gỉ ROLE _ Đồng hồ nam Bán chạy Đồng hồ sang trọ,"665,9k",0,wristwatch8181.vn,9%,₫59.932,https://shopee.vn/product/1521625664/41207562932,https://s.shopee.vn/2LNYX65bUO
29717133339,Đồng hồ đeo tay cao cấp chống nước đồng hồ đeo tay đồng hồ đeo tay nam dạ quang đồng hồ đeo tay nam cơ khí đồng hồ đeo tay Watch Đeo Tay Voi Cua Caro,"616,0k",0,T-Tan watch,20%,₫123.200,https://shopee.vn/product/947671993/29717133339,https://s.shopee.vn/2VgyjP4y9R
24822429265,Đồng hồ nam Đồng hồ nam Đồng hồ cơ POEDAGAR 151 Dây da Đồng hồ đeo tay Sapphire Crystal Glass Hoàn toàn tự động Đồng hồ cơ phong cách kinh doanh Đơn giản Đồng hồ giàu có Quà tặng nam Đồng hồ nam sang trọng chống nước Đồng hồ đeo tay bằng thép không gỉ Đồn,"1,2tr",1,POEDAGAR Official Store,21%,₫244.860,https://shopee.vn/product/757282311/24822429265,https://s.shopee.vn/20ki8U6sAM
24525097088,Đồng hồ nam Green Water Ghost Cùng phong cách Lịch hợp thời trang độc đáo Dạ quang Chống thấm nước nhập khẩu Đồng hồ đeo tay bằng thép Đồng hồ đeo tay nam chống nước Đồng hồ đeo tay nam Đồng hồ mô phỏng Thể thao nam Đồng hồ kỹ thuật số Giá rẻ Đồng hồ bé t,"237,0k",1,chenhaihong1992.vn,9%,₫21.327,https://shopee.vn/product/732895547/24525097088,https://s.shopee.vn/2B48Kn6EpP
23969604906,Đồng Hồ Nam Chống Thấm Nước Kiểu Dáng Sang Trọng Đồng Hồ Nam đồng hồ nam chính hãng đồng hồ đeo tay đồng hồ đeo tay nam  đồng hồ kim nam Watch Đeo Tay Voi Cua Caro,"317,9k",11,T-Tan watch,20%,₫63.580,https://shopee.vn/product/947671993/23969604906,https://s.shopee.vn/1g7rjs88qK
25123589675,Đồng hồ doanh nhân chính hãng Đồng hồ đeo tay nam Đồng hồ đeo tay bằng thép không gỉ nguyên bản Đồng hồ thể thao chống thấm nước thời trang nam Đồng hồ thạch anh cổ tay dạ quang Bán buôn Đồng hồ phi cơ Mô hình nam,"164,0k",2,qq729911638.vn,11%,₫18.036,https://shopee.vn/product/988474099/25123589675,https://s.shopee.vn/1qRHwB7VVN
27235498774,LOOKSHOW Nam Thạch Anh Đồng Hồ Nam Thời Trang Đồng Hồ Nam Đồng Hồ Đeo Tay Dây Thép Đồng Hồ Quà Tặng Đồng Hồ Nam Đồng Hồ Đeo Tay Q3V3,"74,1k",0,lookshow.vn,18%,₫13.345,https://shopee.vn/product/1242501013/27235498774,https://s.shopee.vn/1LV1LG9PWI
26952599957,Đồng hồ doanh nhân chính hãng Đồng hồ đeo tay nam nguyên bản Đồng hồ thép không gỉ thể thao Đồng hồ chuyển động tự động chính thức Đồng hồ nam Đồng hồ nam dạ quang chống nước cao cấp Đồng hồ nam đẹp trai cao cấp,"164,0k",0,qq675298470.vn,9%,₫14.757,https://shopee.vn/product/1107776137/26952599957,https://s.shopee.vn/1VoRXZ8mBL
24929855464,Đồng hồ doanh nhân chính hãng Đồng hồ đeo tay nam nguyên bản Đồng hồ thép không gỉ thể thao Đồng hồ nam chống nước thời trang chống nước Thiết kế bề mặt kim cương Đồng hồ đeo tay nam doanh nhân Đồng hồ thạch anh phong cách mới tự động,"220,0k",192,qq675298470.vn,9%,₫19.800,https://shopee.vn/product/1107776137/24929855464,https://s.shopee.vn/3fsw7Y0Wmm
26552045785,Đồng hồ đeo tay nam da thời trang Đồng hồ đeo tay thạch anh Đồng hồ đeo tay nam sáng tạo Đồng hồ đeo tay thạch anh dành cho nam giới,"34,3k",1,nf777.vn,14%,₫4.805,https://shopee.vn/product/857258109/26552045785,https://s.shopee.vn/3qCMJqztRp
23044118123,Đồng Hồ Quartz T044 Thiết Kế Đơn Giản Sáng Tạo Hợp Thời Trang đồng hồnam đồng hồ nữ. Đồng hồ đồng hồ nam chính hãng đồng hồ đeo tay đồng hồ đeo tay nam Watch Đeo Tay Voi Cua Caro,"251,9k",78,T-Tan watch,20%,₫50.380,https://shopee.vn/product/947671993/23044118123,https://s.shopee.vn/3LG5iw1nSk
41555387907,Đồng hồ nam Đồng hồ đeo tay Đồng hồ đeo tay Đồng hồ phi cơ Mặt số lớn Đồng hồ nam thạch anh Đồng hồ nam Quá khổ Khái niệm mới Lịch doanh nhân Dây thép,"215,8k",0,Trung tâm mua sắm hạnh phúc 3,9%,₫19.418,https://shopee.vn/product/1563203455/41555387907,https://s.shopee.vn/3VZVvF1A7n
26621286442,Đồng hồ đeo tay nam cao cấp POEDAGAR Đồng hồ đeo tay nam chống nước chất lượng cao Đồng hồ đeo tay nam da Đồng hồ thạch anh Đồng hồ thông thường 921,"323,4k",1,SANDAWATCH.vn,9%,₫29.106,https://shopee.vn/product/716857234/26621286442,https://s.shopee.vn/30dFKK348i
29217133358,Đồng hồ đeo tay đồng hồ đeo tay đồng hồ nam thể thao thời trang đồng hồ thạch anh chống nước Mặt số lớn Đồng hồ đeo tay nam dạ quang Watches Watch Đeo Tay Voi Cua Caro,"631,4k",0,T-Tan watch,20%,₫126.280,https://shopee.vn/product/947671993/29217133358,https://s.shopee.vn/3AwfWd2Qnl
24182557273,Đồng hồ chuyển động tự động Đồng hồ nam không cơ khí Lịch rỗng Dây thép không gỉ phát sáng chống nước Đồng hồ công sở chính hãng đơn giản Đồng hồ đeo tay nam Đồng hồ đeo tay bằng thép không gỉ nguyên bản Đồng hồ thể thao,"282,7k",0,qq729911638.vn,11%,₫31.097,https://shopee.vn/product/988474099/24182557273,https://s.shopee.vn/2g0Ovi4Kog
28572626805,Đồng hồ đeo tay nam bằng da POEDAGAR 832 Đồng hồ đeo tay phong cách đơn giản Đồng hồ công sở Đồng hồ chính hãng Đồng hồ thời trang Đồng hồ cơ hội chính thức Lịch chống nước Quà tặng nam sang trọng,"160,9k",1,POEDAGAR DỌN KHO HÀNG TỒN,9%,₫14.485,https://shopee.vn/product/1241015262/28572626805,https://s.shopee.vn/2qJp813hTj
24073742703,Đồng hồ đeo tay nam bằng da POEDAGAR 832 Đồng hồ đeo tay phong cách đơn giản Đồng hồ công sở Đồng hồ chính hãng Đồng hồ thời trang Đồng hồ cơ hội chính thức Lịch chống nước Quà tặng nam sang trọng,"280,5k",43,POEDAGAR Official Store,21%,₫58.905,https://shopee.vn/product/757282311/24073742703,https://s.shopee.vn/50OJhzvS5A
24576564486,Đồng hồ đeo tay nam bằng da POEDAGAR 832 Đồng hồ đeo tay phong cách đơn giản Đồng hồ công sở Đồng hồ chính hãng Đồng hồ thời trang Đồng hồ cơ hội chính thức Lịch chống nước Quà tặng nam sang trọng,"247,5k",2,Globally Curated Watches,24%,₫59.400,https://shopee.vn/product/1111256788/24576564486,https://s.shopee.vn/5AhjuIuokD
24529348897,Đồng hồ cơ hoàn toàn tự động Đồng hồ nam sang trọng POEDAGAR 1410G Đồng hồ chính hãng Dây đeo bằng thép không gỉ dành cho nam Đồng hồ cơ kim loại Đồng hồ đa chức năng Lịch Chronograph Chống nước Dạ quang Phong cách kinh doanh Đồng hồ đeo tay nam Quà tặng,"1,2tr",10,Globally Curated Watches,24%,₫295.680,https://shopee.vn/product/1111256788/24529348897,https://s.shopee.vn/4flTJNwil8
28472628858,Đồng hồ đeo tay nam cá tính mẫu mới đồng hồ đeo tay đồng hồ đeo tay nam đa năng Phong Cách Hot Đồng hồ đeo tay thạch anh inox Watches Watch Đeo Tay Voi Cua Caro,"622,6k",0,T-Tan watch,20%,₫124.520,https://shopee.vn/product/947671993/28472628858,https://s.shopee.vn/4q4tVgw5QB
26102770248,Đồng hồ chuyển động hoàn toàn tự động Đồng hồ rỗng Lịch nam phát sáng phi cơ học Phiên bản Hàn Quốc Thép không gỉ Đồng hồ kinh doanh chính hãng Đồng hồ đeo tay nam Đồng hồ đeo tay bằng thép không gỉ chính hãng Đồng hồ thể thao,"164,0k",0,qq675298470.vn,9%,₫14.757,https://shopee.vn/product/1107776137/26102770248,https://s.shopee.vn/4L8culxzR6
25081208831,Đồng hồ đeo tay di chuyển tự động chính hãng Đồng hồ nam doanh nhân Đồng hồ đeo tay nam Đồng hồ đeo tay bằng thép không gỉ nguyên bản Lịch thể thao Chống thấm nước Dạ quang Đồng hồ cơ siêu mỏng Phiên bản Hàn Quốc,"164,0k",0,qq675298470.vn,9%,₫14.757,https://shopee.vn/product/1107776137/25081208831,https://s.shopee.vn/4VS374xM69
29972086100,Đồng hồ đeo tay tự động Đồng hồ đeo tay đồng hồ đeo tay đồng hồ đeo tay chống nước lịch dạ quang chính hãng thương hiệu nam Watches Watch Đeo Tay Voi Cua Caro,"226,6k",0,T-Tan watch,20%,₫45.320,https://shopee.vn/product/947671993/29972086100,https://s.shopee.vn/40VmW9zG74
24822924043,Sanda Thương Hiệu Hàng Đầu Đồng Hồ Kỹ Thuật Số Nam Đồng Hồ Thể Thao Điện Tử LED Nam Đồng Hồ Đeo Tay Đồng Hồ Ngoài Trời Chống Thấm Nước Đồng Hồ Đeo Tay Nam,"278,3k",0,Cowerr.vn,9%,₫25.047,https://shopee.vn/product/788575068/24822924043,https://s.shopee.vn/4ApCiSycm7
20187493913,Sanda 6157 Thương Hiệu Hàng Đầu Đồng Hồ Kỹ Thuật Số Nam Đồng Hồ Thể Thao Điện Tử LED Nam Đồng Hồ Đeo Tay Cho Nam Đồng Hồ Ngoài Trời Chống Thấm Nước Đồng Hồ Đeo Tay,"278,3k",0,Cowerr.vn,9%,₫25.047,https://shopee.vn/product/788575068/20187493913,https://s.shopee.vn/6KthIRqNNY
24874149153,Louiswiss Đồng hồ nam Đồng hồ thời trang thông thường Đồng hồ thạch anh Đồng hồ đeo tay doanh nhân 3ATM Đồng hồ chống nước Dây da Con trỏ phát sáng Đồng hồ đeo tay với 3 mặt số có thể điều chỉnh,"200,2k",2,Louiswiss,19%,₫38.038,https://shopee.vn/product/1233868761/24874149153,https://s.shopee.vn/6VD7Ukpk2b
41607991467,Đồng hồ đeo tay Mỹ đen chống nước Đồng hồ đeo tay tự động Đồng hồ đeo tay chống nước dạ quang Đồng hồ nam Phiên bản Hàn Quốc Đồng hồ phi cơ khí,"152,9k",0,mushangqinge.vn,18%,₫27.522,https://shopee.vn/product/1542331486/41607991467,https://s.shopee.vn/60Gqtpre3W
29138642911,Đồng hồ nam màu đen dạ quang AFB Mi 300 Đồng hồ cơ tự động AAAOmegacRel Đồng hồ lặn chống nước _ 300 _ Đồng hồ đeo tay nam dây thép mới Bao bì đồng hồ nam Vs Ouji Đồng hồ cơ trong suốt Sapphire Date Blue Kích thước xe Hippocampus giomm Sản phẩm chống nước,"524,1k",0,Boutique588.vn,9%,₫47.173,https://shopee.vn/product/1106426885/29138642911,https://s.shopee.vn/6AaH68r0iZ
41701860700,LOVETOUCH Nam Thạch Anh Đồng Hồ Thời Trang Nam Đồng Hồ Đeo Tay Dây Thép Đồng Hồ Quà Tặng Đồng Hồ Nam Đồng Hồ Đeo Tay F3I3,"79,4k",0,lovetouch.vn,17%,₫13.501,https://shopee.vn/product/285418104/41701860700,https://s.shopee.vn/5fe0VDsujU
41255958949,Đồng hồ nam Đồng hồ nam Đồng hồ đeo tay bằng thép chống nước đính kim cương màu vàng Đồng hồ đeo tay thạch anh doanh nhân Đồng hồ nam,"465,9k",0,Trung tâm mua sắm hạnh phúc 3,9%,₫41.932,https://shopee.vn/product/1563203455/41255958949,https://s.shopee.vn/5pxQhWsHOX
40405378525,Đồng hồ nam Đồng hồ nam Đồng hồ đeo tay Blu-ray thời trang Đồng hồ đeo tay có sẵn Đồng hồ nam,"147,1k",0,Trung tâm mua sắm hạnh phúc 3,9%,₫13.235,https://shopee.vn/product/1563203455/40405378525,https://s.shopee.vn/5L1A6buBPS
27068933690,Smartsimple Nam Thạch Anh Đồng Hồ Thời Trang Nam Đồng Hồ Đeo Tay Dây Thép Đồng Hồ Quà Tặng Đồng Hồ Nam Đồng Hồ Đeo Tay K7W8,"68,1k",2,smartsimple.vn,15%,₫10.214,https://shopee.vn/product/77367729/27068933690,https://s.shopee.vn/5VKaIutY4V
25322928193,Sanda Thương Hiệu Hàng Đầu Đồng Hồ Kỹ Thuật Số Nam Đồng Hồ Thể Thao Điện Tử LED Nam Đồng Hồ Đeo Tay Cho Nam Đồng Hồ Ngoài Trời Chống Thấm Nước Đồng Hồ Đeo Tay 6157,"278,3k",1,Cowerr.vn,9%,₫25.047,https://shopee.vn/product/788575068/25322928193,https://s.shopee.vn/7fP4stlIfw
27602586420,Đồng Hồ Nam Mới Nam Sinh Viên Hợp Thời Trang Đồng Hồ Thạch Anh Đồng Hồ Doanh Nhân Chính Hãng Đồng Hồ Đeo Tay Nam Nguyên Bản Đồng Hồ Thép Không Gỉ Đồng Hồ Thể Thao,"164,0k",0,qq675298470.vn,9%,₫14.757,https://shopee.vn/product/1107776137/27602586420,https://s.shopee.vn/7piV5CkfKz
26703652077,Đồng hồ doanh nhân chính hãng Đồng hồ đeo tay nam nguyên bản Đồng hồ thép không gỉ thương hiệu thể thao Sun Moon Star Đồng hồ nam Lịch rỗng Đồng hồ nam Tourbillon Đồng hồ chống nước thạch anh phát sáng,"330,0k",0,qq675298470.vn,9%,₫29.699,https://shopee.vn/product/1107776137/26703652077,https://s.shopee.vn/7KmEUHmZLu
25592470710,Đồng hồ điện tử tuổi teen Disney Đồng hồ đeo tay thời trang bé trai Đồng hồ đeo tay nữ Hợp thời trang Lịch chống nước Đồng hồ báo thức Đồng hồ bấm giờ phát sáng Đồng hồ quà tặng sinh nhật DC-55065,"592,6k",0,Disney Gift Store.vn,20%,₫118.515,https://shopee.vn/product/1413618542/25592470710,https://s.shopee.vn/7V5egalw0x
27711707216,Đồng hồ chống nước SMAEL 8105 Đồng hồ bấm giờ ánh sáng kỹ thuật số cho nam Đồng hồ kỹ thuật số Đồng hồ đeo tay LED thể thao Đồng hồ đeo tay nam 50m,"126,5k",412,reborn.vn,9%,₫11.385,https://shopee.vn/product/542030866/27711707216,https://s.shopee.vn/709O5fnq1s
24039939834,Đồng hồ nam đục lỗ đồng hồ cơ tự động đồng hồ nam chống nước đồng hồ Vàng Đồng hồ đeo tay doanh nhân Watch Đeo Tay Voi Cua Caro,"985,6k",0,T-Tan watch,20%,₫197.120,https://shopee.vn/product/947671993/24039939834,https://s.shopee.vn/7ASoHynCgv
40005413028,Đồng hồ đeo tay nam đeo tay thông thường Đồng hồ đeo tay nam thời trang Đồng hồ nam hợp thời trang Phiên bản Hàn Quốc Đồng hồ thạch anh,"176,1k",0,Trung tâm mua sắm hạnh phúc 3,9%,₫15.849,https://shopee.vn/product/1563203455/40005413028,https://s.shopee.vn/6fWXh3p6hq
24924667372,Đồng hồ tròn mặt số lớn Retro Nam Nữ Phong cách hợp thời trang Độc đoán Mặt số màu đen độc đáo Thiết kế thích hợp Đồng hồ kinh doanh chính hãng cao cấp Đồng hồ đeo tay nam Đồng hồ đeo tay bằng thép không gỉ nguyên bản Đồng hồ thể thao chống nước,"164,0k",0,qq729911638.vn,11%,₫18.036,https://shopee.vn/product/988474099/24924667372,https://s.shopee.vn/6ppxtMoTMt
27379438075,Đồng hồ đeo tay thời trang 2025 phong cách SportsMINI FOCUS 0303g Đồng hồ nam thường ngày Đồng hồ đeo tay nước dạ quang Đồng hồ đeo tay nam ADKK,"878,4k",0,JLST3.vn,9%,₫79.056,https://shopee.vn/product/1495487319/27379438075,https://s.shopee.vn/8zuSTLgDyK
43603256725,Đồng hồ đeo tay mạ điện chân không Đồng hồ nam thời trang Unisex Đồng hồ nam phù hợp Đồng hồ cơ Đồng hồ đeo tay thạch anh nam20250604QQ,"149,8k",0,时光里旗舰店.vn,17%,₫25.471,https://shopee.vn/product/1219734998/43603256725,https://s.shopee.vn/9ADsfefadN
22089934229,Đồng hồ đeo tay nam bằng thép không gỉ tương tự chính hãng Olevs Đồng hồ nam bằng thép không gỉ vàng Thương hiệu nam doanh nhân Đồng hồ sang trọng thông thường Đồng hồ chống nước phát sáng Đồng hồ nam 5593,"435,6k",2,OLEVS Watch  Store,15%,₫65.340,https://shopee.vn/product/925718133/22089934229,https://s.shopee.vn/8fHc4jhUeI
28051362942,Đồng hồ thể thao SKMEI 2031 Đồng hồ nam Đồng hồ bấm giờ Chronograph Đồng hồ nam chống nước Reloj Masculino Dây đeo đồng hồ đeo tay nam 1155B 1637,"250,8k",18, SKMEl Official store,9%,₫22.572,https://shopee.vn/product/959322030/28051362942,https://s.shopee.vn/8pb2H2grJL
40657073507,SOMILIA 6200 Đồng hồ bấm giờ Đồng hồ đeo tay Báo động Đèn LED Đồng hồ kỹ thuật số Đồng hồ thể thao nam Đồng hồ quân đội Đồng hồ nam 50M Chống nước,"290,4k",0,binbondwatchespy.vn,9%,₫26.136,https://shopee.vn/product/1431078201/40657073507,https://s.shopee.vn/8Kelg7ilKG
41302774625,Đồng hồ kỹ thuật số SMAEL 8123 Đồng hồ thể thao LED Đồng hồ đeo tay nam 50m Bơi lội chống nước Đồng hồ thể thao dành cho nam Đồng hồ báo thức Đồng hồ bấm giờ,"180,8k",0,reborn.vn,9%,₫16.274,https://shopee.vn/product/542030866/41302774625,https://s.shopee.vn/8UyBsQi7zJ
28452499015,Vòng Dạ Quang Lịch Đồng Hồ Đeo Tay Mỹ Châu Âu Tự Động Chuyển Động Cơ Dạ Quang Lịch Chống Thấm Nước Không Cơ Học Đồng Hồ Nam Đồng Hồ Kinh Doanh Chính Hãng Đồng Hồ Đeo Tay Nam Nguyên Bản Đồng Hồ Thép Không Gỉ Thể Thao,"164,0k",0,qq675298470.vn,9%,₫14.757,https://shopee.vn/product/1107776137/28452499015,https://s.shopee.vn/801vHVk20E
27503615801,Đồng hồ doanh nhân chính hãng Đồng hồ đeo tay nam Nguyên bản Đồng hồ thép không gỉ Đồng hồ thể thao Lịch giải trí Đồng hồ thạch anh Đồng hồ nam Thép không gỉ màu đen chống thấm nước,"330,0k",0,qq675298470.vn,9%,₫29.699,https://shopee.vn/product/1107776137/27503615801,https://s.shopee.vn/8ALLTojOfH
24270364597,Đồng hồ nam vuông POEDAGAR POEDAGAR 628 Bán chạy Phong cách Dây đeo kim loại Đồng hồ nam Đồng hồ đeo tay nam Chronograph đa chức năng Lịch phát sáng Quà tặng nam chống nước Đồng hồ thời trang hợp thời trang,"412,5k",133,POEDAGAR Official Store,21%,₫86.625,https://shopee.vn/product/757282311/24270364597,https://s.shopee.vn/AKPq3nb9Gi
26068945718,"Đồng hồ bỏ túi cổ điển GUTGOJO, Đồng hồ đeo tay cổ điển hiển thị tỷ lệ La Mã Mặt Vòng cổ thạch anh Đồng hồ Vòng cổ bằng đồng hồ đeo tay cổ điển phong cách cổ điển, Vỏ rỗng giải trí Đồng hồ treo nam nữ","60,9k",11,Gutgojo Mall,9%,₫5.481,https://shopee.vn/product/999054518/26068945718,https://s.shopee.vn/AUjGG6aVvl
43753340616,"Đồng hồ nam, đồng hồ đeo tay không cơ, đồng hồ nam mặt lớn, đồng hồ quartz nam, đồng hồ concept mới với lịch, dây thép","203,8k",0,Cửa hàng đẹp 2,19%,₫38.716,https://shopee.vn/product/1451870786/43753340616,https://s.shopee.vn/9zmzfBcPwg
25429087902,Đồng hồ doanh nhân chính hãng Đồng hồ đeo tay nam Đồng hồ đeo tay bằng thép không gỉ nguyên bản Đồng hồ thể thao chống thấm nước Phong cách mới Đồng hồ thạch anh mặt số lớn,"282,7k",0,qq729911638.vn,11%,₫31.097,https://shopee.vn/product/988474099/25429087902,https://s.shopee.vn/AA6PrUbmbj
26654622726,Oakl Blade Series Đồng hồ thế hệ thứ hai oakley Đồng hồ nam oakley Đồng hồ nguyên bản dành cho nam Thương hiệu thời trang cao cấp Đồng hồ đeo tay Macho Đồng hồ nam xe máy Quà tặng bạn trai,"1,1tr",18,wniudu.vn,14%,₫150.920,https://shopee.vn/product/853096412/26654622726,https://s.shopee.vn/9fA9GZdgce
25543126570,Đồng hồ đeo tay thép nước ngoài Chenxi Đồng hồ nam Đồng hồ cơ tự động Đồng hồ nam hợp thời trang Đồng hồ nam dạ quang chống nước,"1,1tr",0,captainlcq.vn,9%,₫99.000,https://shopee.vn/product/1145582145/25543126570,https://s.shopee.vn/9pTZSsd3Hh
26670254834,Đồng hồ nam vuông POEDAGAR 628 Bán chạy Phong cách Dây đeo kim loại Đồng hồ nam Đồng hồ đeo tay nam Chronograph đa chức năng Lịch phát sáng Quà tặng nam chống nước Đồng hồ thời trang hợp thời trang,"412,5k",8,POEDAGAR Official Store,21%,₫86.625,https://shopee.vn/product/757282311/26670254834,https://s.shopee.vn/9KXIrxexIc
27903611984,Đồng hồ doanh nhân chính hãng Đồng hồ đeo tay nam nguyên bản Đồng hồ thép không gỉ thể thao chống nước cho nam Đồng hồ thạch anh dạ quang Đồng hồ đeo tay thông thường,"330,0k",0,qq675298470.vn,9%,₫29.699,https://shopee.vn/product/1107776137/27903611984,https://s.shopee.vn/9Uqj4GeJxf
29202767941,Nam Nam Dạ Quang Đồng Hồ Thép Vonfram Màu Chống Thấm Nước Thời Trang Sinh Viên Cặp Đôi Đồng Hồ Nam Lịch Thạch Anh Đồng Hồ Công Sở Chính Hãng Đồng Hồ Đeo Tay Nam Nguyên Bản Đồng Hồ Thép Không Gỉ Thể Thao,"164,0k",0,qq675298470.vn,9%,₫14.757,https://shopee.vn/product/1107776137/29202767941,https://s.shopee.vn/1BBb8xA2s4
26074050099,Poshi Đồng hồ đeo tay nam bằng thép không gỉ thời trang vàng đen chống nước Con trỏ thạch anh sang trọng Đồng hồ đeo tay nam dạ quang tự động Ngày đồng hồ đeo tay Thụy Sĩ dành cho nam,"265,6k",0,poshiwatch.vn,17%,₫45.147,https://shopee.vn/product/1118998214/26074050099,https://s.shopee.vn/10sAweAgD3
42304412610,Đồng hồ đeo tay nam mặt lớn Đồng hồ thạch anh chống nước Đồng hồ thể thao vuông Đồng hồ nam dạ quang Đồng hồ nam #WA0429#,"302,1k",0,oyshbv.vn,9%,₫27.190,https://shopee.vn/product/1394714225/42304412610,https://s.shopee.vn/qYkkLBJY2
19287517481,Đồng hồ nam vuông POEDAGAR 628 Bán chạy Phong cách Dây đeo kim loại Đồng hồ nam Đồng hồ đeo tay nam Chronograph đa chức năng Lịch phát sáng Quà tặng nam chống nước Đồng hồ thời trang hợp thời trang,"379,5k",2,Globally Curated Watches,24%,₫91.080,https://shopee.vn/product/1111256788/19287517481,https://s.shopee.vn/gFKY2Bwt1
28671930223,Đồng hồ nam vuông POEDAGAR POEDAGAR 628 Bán chạy Phong cách Dây đeo kim loại Đồng hồ nam Đồng hồ đeo tay nam Chronograph đa chức năng Lịch phát sáng Quà tặng nam chống nước Đồng hồ thời trang hợp thời trang,"390,5k",0,Globally Curated Watches,21%,₫82.005,https://shopee.vn/product/1111256788/28671930223,https://s.shopee.vn/VvuLjCaE0
22242336965,"(Tặng vòng tay)Đồng Hồ Nam Dây Thép Không Gỉ Cao Cấp, đồng hồ đeo tay nam, đồng hồ, dong ho nam cao cấp, đồng hồ nam đẹp","190,0k",3,LanChi 1688,11%,₫20.900,https://shopee.vn/product/822694692/22242336965,https://s.shopee.vn/LcU9QDDYz
43704417583,Đồng hồ đeo tay nam nước xanh Đồng hồ đeo tay nam Dây thép thời trang Đồng hồ thạch anh Đồng hồ nam YOLAKO #WA0429#,"162,2k",0,oyshbv.vn,9%,₫14.594,https://shopee.vn/product/1394714225/43704417583,https://s.shopee.vn/BJ3x7Dqty
41908607562,GYYYV CLA324 Gương Chuyển Động Sapphire Thể Thao Tự Động 9015 Phong Trào Đồng Hồ Nam Đồng Hồ Đeo Tay Tự Động Kinh Doanh Đồng Hồ Cơ Rel Nhật Bản Chính Hãng _ Đồng Hồ Nam Đồng Hồ Cổ Tay Nguyên Bản P Cơ Chuyển Động Cơ Họcgio Nhập Khẩu Gương Chuyển Động Ô Tô ,"358,6k",0,LuxeCraft888.vn,13%,₫46.613,https://shopee.vn/product/1572885564/41908607562,https://s.shopee.vn/zdkoEUEx
29401388034,Chuyển động tự động Mặt số lớn phi cơ Hộp quà tặng tinh tế Đồng hồ nam dạ quang chống nước Đồng hồ công sở chính hãng Đồng hồ đeo tay nam Đồng hồ đeo tay bằng thép không gỉ nguyên bản chính hãng Đồng hồ thể thao,"164,0k",0,qq675298470.vn,9%,₫14.757,https://shopee.vn/product/1107776137/29401388034,https://s.shopee.vn/2VgyjP4yAS
43357912873,Đồng hồ đeo tay thạch anh Omega Đồng hồ đeo tay thể thao giải trí cổ điển Đồng hồ đeo tay chống nước Đồng hồ nam YYDY,"853,5k",0,fcl11.vn,9%,₫76.819,https://shopee.vn/product/1578956377/43357912873,https://s.shopee.vn/2LNYX65bVR
24043388899,Beautystarting 2024 Đồng hồ nam Đồng hồ thạch anh bằng thép không gỉ thời trang Mặt số vàng đen Đồng hồ đeo tay Đồng hồ đeo tay tinh tế Mới đến Đồng hồ công sở N6O9,"73,3k",0,beautystarting.vn,18%,₫13.187,https://shopee.vn/product/74244373/24043388899,https://s.shopee.vn/2B48Kn6EqQ
40104427193,Đồng hồ rồng Đồng hồ nam Đồng hồ đeo tay Đồng hồ đeo tay Đồng hồ thạch anh #WA0429#,"139,5k",0,oyshbv.vn,9%,₫12.552,https://shopee.vn/product/1394714225/40104427193,https://s.shopee.vn/20ki8U6sBP
28013309234,Đồng hồ đeo tay OLEVS 2942 dành cho nam Đồng hồ thể thao đa chức năng Dây đeo silicon chống thấm nước Đồng hồ nam thạch anh Đồng hồ đeo tay thương hiệu sang trọng,"638,0k",1,OLEVS Watch  Store,15%,₫95.700,https://shopee.vn/product/925718133/28013309234,https://s.shopee.vn/1qRHwB7VWO
24471712063,Đồng hồ chống nước chính hãng Olevs Đồng hồ nam bằng thép không gỉ đa chức năng dạ quang Chronograph Đồng hồ nam pha mặt trăng Đồng hồ đeo tay thạch anh Đồng hồ nam có hộp 2892,"451,0k",6,OLEVS Watch  Store,15%,₫67.650,https://shopee.vn/product/925718133/24471712063,https://s.shopee.vn/1g7rjs88rN
28438632650,Đồng hồ đeo tay đeo tay LPJ Steel Band Rel Series nhập khẩu Nhật Bản Đồng hồ đeo tay 007m gio Đồng hồ nam ô tô hoàn toàn tự động _ _ Hippocampus AAAOmegac Phiên bản giới hạn 300 Nylon Movement Commander Đồng hồ cơ c SBBE,"527,4k",0,evolens5858.vn,19%,₫100.206,https://shopee.vn/product/1576065113/28438632650,https://s.shopee.vn/1VoRXZ8mCM
42055374125,Đồng hồ nam Đồng hồ nam sinh viên Đồng hồ nam phát sáng chống nước hợp thời trang Đồng hồ đeo tay độc đáo Đồng hồ thạch anh,"448,6k",0,Trung tâm mua sắm hạnh phúc 3,9%,₫40.374,https://shopee.vn/product/1563203455/42055374125,https://s.shopee.vn/1LV1LG9PXL
25045941773,Đồng hồ cơ R RZEO Đồng hồ đeo tay tự động AQUANAUTRel Đồng hồ đeo tay Western Iron City Parrot Đồng hồ nhập khẩu P Rubber _ Strap Grenade 5167A gio Thời trang ô tô nam _ AAAPatekphilippe Movement Series Đồng hồ cơ ốc sên phù hợp,"358,6k",0,LuxeCraft588.vn,19%,₫68.127,https://shopee.vn/product/1572887387/25045941773,https://s.shopee.vn/3qCMJqztSq
24529417351,Đồng hồ nam Đồng hồ thạch anh Chính hãng POEDAGAR 936 Phong cách kinh doanh Đồng hồ đeo tay sang trọng bằng thép không gỉ Đồng hồ đeo tay nam thời trang Quà tặng nam Lịch dạ quang POEDAGAR chống nước,"449,9k",0,CAESAR Watch Store,24%,₫107.976,https://shopee.vn/product/1241835895/24529417351,https://s.shopee.vn/3fsw7Y0Wnp
43854410669,Đồng Hồ Nam Sang Trọng pes Bộ Đồng Hồ Vòng Tay Quà Tặng Đồng Hồ Đeo Tay Bộ Đồng Hồ Quà Tặng Ngày Của Cha Đồng Hồ Nam,"240,9k",0,xutu9451.vn,18%,₫43.353,https://shopee.vn/product/1563897325/43854410669,https://s.shopee.vn/3VZVvF1A8o
29272144841,Đồng hồ nam vuông POEDAGAR 628 Bán chạy Phong cách Dây đeo kim loại Đồng hồ nam Đồng hồ đeo tay nam Chronograph đa chức năng Lịch phát sáng Quà tặng nam chống nước Đồng hồ thời trang hợp thời trang,"515,5k",0,CAESAR Watch Store,21%,₫108.250,https://shopee.vn/product/1241835895/29272144841,https://s.shopee.vn/3LG5iw1nTn
27737347614,Đồng hồ đeo tay nam thạch anh thời trang Đồng hồ đeo tay thông thường chống nước cho nam mùa hè Đồng hồ đeo tay nam sành điệu,"753,5k",0,002hyxvm.vn,9%,₫67.815,https://shopee.vn/product/1558816610/27737347614,https://s.shopee.vn/3AwfWd2Qom
40708483772,Đồng hồ cơ thể thao CSEZ AAARolexs Thời trang / / Cổ điển / Đồng hồ đeo tay / _ gio có lịch Đồng hồ đeo tay ô tô / Đồng hồ đeo tay Rel904L Thép không gỉ,"716,8k",0,evolens8181.vn,13%,₫93.180,https://shopee.vn/product/1576067082/40708483772,https://s.shopee.vn/30dFKK349l
41557912795,Đồng hồ đeo tay vàng hồng phong cách mới Rolex Đồng hồ đeo tay Nhật Bản Đồng hồ đeo tay thời trang Phong trào thạch anh thông thường Đồng hồ Thụy Sĩ SOLL,"862,3k",0,fcl10.vn,9%,₫77.605,https://shopee.vn/product/1578956153/41557912795,https://s.shopee.vn/2qJp813hUk
44107917454,Đồng hồ đeo tay hợp thời trang phong trào thạch anh Rolex Đồng hồ đeo tay giải trí thể thao Đồng hồ đeo tay thời trang phù hợp với đồng hồ Thụy Sĩ PCQN,"894,2k",0,fcl10.vn,9%,₫80.477,https://shopee.vn/product/1578956153/44107917454,https://s.shopee.vn/2g0Ovi4Kpj
43257912927,Đồng hồ đeo tay vàng hồng phong cách mới Rolex Đồng hồ đeo tay Nhật Bản Đồng hồ đeo tay thời trang Phong trào thạch anh thông thường Đồng hồ Thụy Sĩ JKKKZ,"842,8k",0,fcl11.vn,9%,₫75.854,https://shopee.vn/product/1578956377/43257912927,https://s.shopee.vn/5AhjuIuolE
25916620661,Foxbox Đồng Hồ Kỹ Thuật Số Nam Chống Thấm Nước Đồng Hồ Đeo Tay LED Đồng Hồ Thạch Anh Đồng Hồ Thể Thao Nam Đồng Hồ Lớn Người Đàn Ông,"284,9k",1,LIGE đồng hồ thông minh,19%,₫54.131,https://shopee.vn/product/118079673/25916620661,https://s.shopee.vn/50OJhzvS6D
24473738872,Đồng hồ đeo tay nam dây da POEDAGAR 856 Đồng hồ chính hãng dát kim cương Đồng hồ phong cách đơn giản Đồng hồ kinh doanh Dây da thật Lịch dạ quang Quà tặng sinh nhật nam Đồng hồ giá rẻ,"269,5k",13,POEDAGAR Official Store,21%,₫56.595,https://shopee.vn/product/757282311/24473738872,https://s.shopee.vn/4q4tVgw5RC
29267140771,Đồng hồ cơ cao cấp Đồng hồ Nam Đồng Hồ lỗ vuông thời trang tự động đồng hồ cơ chống nước Đồng hồ nam Watches Watch Đeo Tay Voi Cua Caro,"562,1k",0,T-Tan watch,20%,₫112.420,https://shopee.vn/product/947671993/29267140771,https://s.shopee.vn/4flTJNwimB
26510580371,Đồng hồ nam Mặt số màu xanh Dây thép không gỉ Ngày nam Đồng hồ đeo tay nam chống thấm nước Xuxuries Đồng hồ đeo tay nam,"856,9k",1,Mavelle.vn,19%,₫162.811,https://shopee.vn/product/1142708762/26510580371,https://s.shopee.vn/4VS374xM7A
29317133169,Đồng hồ đeo tay đồng hồ nam tự động Đồng hồ cơ chống nước Tourbillon Rỗng Đồng hồ nam Watches Watch Đeo Tay Voi Cua Caro,"639,1k",4,T-Tan watch,20%,₫127.820,https://shopee.vn/product/947671993/29317133169,https://s.shopee.vn/4L8culxzS9
20296437222,Sanda Màn Hình Kép Nam Đồng Hồ Thể Thao Chống Thấm Nước Đồng Hồ Quân Đội Người Báo Thức Đồng Hồ Bấm Giờ Thạch Anh Đồng Hồ Đeo Tay Nam LED Đồng Hồ Kỹ Thuật Số 6126,"227,7k",2,Cowerr.vn,9%,₫20.493,https://shopee.vn/product/788575068/20296437222,https://s.shopee.vn/4ApCiSycn8
28288677292,QMSX _ AAARolexs Đồng hồ vũ trụ cổ điển Đồng hồ đeo tay Đồng hồ đeo tay nam phong trào gio Đồng hồ nam thạch anh Xe ba mắt Dòng thời trang Thụy Sĩ _ Rel thông thường,"716,8k",0,evolens8181.vn,13%,₫93.180,https://shopee.vn/product/1576067082/28288677292,https://s.shopee.vn/40VmW9zG87
40500532211,Đồng hồ cơ tự động Hippocampus 600 Đồng hồ đeo tay cao cấp Đồng hồ thạch anh nam Đồng hồ thể thao chống nước phát sáng Đồng hồ nam Bán buôn,"269,9k",0,Home goods store,9%,₫24.293,https://shopee.vn/product/1256028542/40500532211,https://s.shopee.vn/6VD7Ukpk3c
27338629781,BU08 Đồng hồ đeo tay Nhật Bản CLA324 Phong trào đồng hồ nam Phong trào tự động Nhập khẩu Bề mặt gương nguyên bản Pgio Movement Bus Máy móc cơ khí _ Đồng hồ nam Phong trào đồng hồ đeo tay AAAPatekphilippe9015Rel _ CLA324 Sapphire Original Tự động Gương thể,"716,8k",0,evolens8181.vn,13%,₫93.180,https://shopee.vn/product/1576067082/27338629781,https://s.shopee.vn/6KthIRqNOb
27188355246,Đồng hồ cơ tự động Retro Đồng hồ đeo tay thời trang nam Đồng hồ đeo tay rỗng Tourbillon Đồng hồ bằng đồng ổn định cao cấp,"809,1k",0,ojbkge01.vn,9%,₫72.816,https://shopee.vn/product/1107369948/27188355246,https://s.shopee.vn/6AaH68r0ja
27727025390,Hàng Mới Về Thời Trang Nữ Đồng Hồ Nam Co Giãn Đồng Hồ Thạch Anh Nam Đồng Hồ Đeo Tay Relogio Feminino Đồng Hồ Cặp Đôi Dây Đàn Hồi Đồng Hồ,"126,3k",0,DANG Jewelry Gift,12%,₫15.154,https://shopee.vn/product/265037021/27727025390,https://s.shopee.vn/60Gqtpre4Z
26667875216,Đồng hồ nam Curren Đồng hồ thạch anh thông thường Đồng hồ dây thép Đồng hồ nam doanh nhân Đồng hồ 8452 Watch Đeo Tay Voi Cua Caro,"297,2k",0,T-Tan watch,20%,₫59.444,https://shopee.vn/product/947671993/26667875216,https://s.shopee.vn/5pxQhWsHPY
27826262430,Đồng hồ nam hợp kim Đồng hồ nam Đầu máy Đồng hồ độc đáo Đồng hồ đeo tay chống nước Đồng hồ thạch anh,"291,4k",0,cjwwxta.vn,9%,₫26.229,https://shopee.vn/product/1472213563/27826262430,https://s.shopee.vn/5fe0VDsukX
23065002354,Đồng hồ đeo tay thể thao đồng hồ nam Đồng hồ thạch anh chống nước Đồng hồ nam đa năng mẫu hot Watches Watch Đeo Tay Voi Cua Caro,"623,7k",0,T-Tan watch,20%,₫124.740,https://shopee.vn/product/947671993/23065002354,https://s.shopee.vn/5VKaIutY5W
29780871843,Chenxi Square Case Watch cubitus Đồng hồ nam cùng phong cách Đồng hồ thạch anh Đồng hồ đeo tay nam thời trang chống nước Đồng hồ đeo tay doanh nhân thông thường Dạ quang,"482,0k",0,captainlcq.vn,9%,₫43.384,https://shopee.vn/product/1145582145/29780871843,https://s.shopee.vn/5L1A6buBQV
24576564501,Đồng hồ nam Đồng hồ nam Dây da Đồng hồ POEDAGAR 802 Đồng hồ thời trang hợp thời trang Dây da thật Đồng hồ đeo tay giá rẻ Lịch chống nước,"247,5k",1,Globally Curated Watches,24%,₫59.400,https://shopee.vn/product/1111256788/24576564501,https://s.shopee.vn/7piV5CkfM0
40550824828,NAVIFORCE NF9245Đồng hồ đeo tay nam Đồng hồ thể thao thông thường dành cho nam Đồng hồ đeo tay thạch anh Dây đeo bằng thép Đồng hồ chống nước,"538,7k",0,NAVIFORCE Official Store,24%,₫129.283,https://shopee.vn/product/79722887/40550824828,https://s.shopee.vn/7fP4stlIgz
25716370060,"Đồng hồ thể thao quân sự mặt số MEGIR - Thời trang nam, Đồng hồ đeo tay thạch anh tương tự chống nước có tay phát sáng và dây đeo silicon màu xanh, Đồng hồ thể thao thông thường, Đồng hồ nam nguyên bản","113,3k",4,Thương hiệu bán chạy.vn,9%,₫10.197,https://shopee.vn/product/1193003357/25716370060,https://s.shopee.vn/7V5egalw1y
